epoch,loss
0,0.015397648010979403
1,0.007962578194953399
2,0.00705477888740623
3,0.006717012047155371
4,0.006529829314767742
5,0.006391255153201942
6,0.006282937548967156
7,0.006194947516046695
8,0.006121041140893798
9,0.0060516684663977985
10,0.005989709904809008
11,0.005949218634201916
12,0.005895399657478645
13,0.005856084829174467
14,0.005831789506625149
15,0.005781228655080531
16,0.005748359660400334
17,0.00570533078923233
