iter,acc,nmi,ari,loss
0,0.58594,0.02591,0.02212,0
140,0.59375,0.03007,0.02774,nan
280,0.59375,0.03007,0.02774,nan
