epoch,loss
0,0.011474116850970363
1,0.0024348523464300365
2,0.002095559671801478
