epoch,loss
0,0.05552136152982712
1,0.055190473794937134
2,0.054158490151166916
3,0.05087367445230484
4,0.04692479968070984
5,0.0410475954413414
6,0.03538856655359268
7,0.032795317471027374
8,0.028825102373957634
9,0.02753961831331253
