epoch,loss
0,0.7638099789619446
1,0.5912288427352905
2,0.4198172092437744
3,0.4255265146493912
4,0.2959902286529541
5,0.25436604022979736
6,0.19971543550491333
7,0.15397325158119202
8,0.11666099727153778
9,0.05981459468603134
